outcome_order,outcome,outcome_label,role,family,cov_type,sample,year_window,model_id,model_label,term,term_label,nobs,mean_outcome,positive_count,coef,se,p_raw,p_holm_secondary,ci_low,ci_high,effect_value,effect_ci_low,effect_ci_high,effect_unit,controls_only_r2,full_r2,delta_r2,controls_only_adj_r2,full_adj_r2,controls_only_aic,full_aic,aic_improvement,controls_only_formula,full_formula,sample_id_sha256
1,topic_year_citation_percentile,NLP topic-year percentile,Primary,ols,HC3,strict_raw_2020_2023,2020-2023,capacity_only,Reported max-row GPU capability,log10_max_compute,Capacity,2194,0.5089022878132095,,0.03523010789089265,0.011479673833850136,0.002148399210153901,,0.012730360622279537,0.05772985515950576,3.523010789089265,1.2730360622279537,5.772985515950576,percentage points per 10x,0.08596871540178985,0.09017596707137787,0.004207251669588019,0.06855455059299498,0.0724109231927158,636.5081057194275,628.3858921342908,8.122213585136706,topic_year_citation_percentile ~ C(year_venue) + C(primary_topic) + C(team_size_group) + C(n_organizations_group),topic_year_citation_percentile ~ log10_max_compute + C(year_venue) + C(primary_topic) + C(team_size_group) + C(n_organizations_group),30f7e7d353bbcb3ffe0879a3c295f59ae6bbcfd06856792830c3cbda7069df6a
1,topic_year_citation_percentile,NLP topic-year percentile,Primary,ols,HC3,strict_raw_2020_2023,2020-2023,joint_count_ampere,GPU count + Ampere-or-newer/equivalent,ampere_or_newer,Ampere-or-newer/equivalent,2194,0.5089022878132095,,0.04162658409799705,0.0135480275308292,0.0021225968515778647,,0.015072938076014699,0.0681802301199794,4.162658409799705,1.50729380760147,6.81802301199794,percentage points vs older generation,0.08596871540178985,0.09522645209382152,0.00925773669203167,0.06855455059299498,0.07713098113569794,636.5081057194275,618.1729443504037,18.335161369023808,topic_year_citation_percentile ~ C(year_venue) + C(primary_topic) + C(team_size_group) + C(n_organizations_group),topic_year_citation_percentile ~ log10_maxrow_gpu_count + ampere_or_newer + C(year_venue) + C(primary_topic) + C(team_size_group) + C(n_organizations_group),30f7e7d353bbcb3ffe0879a3c295f59ae6bbcfd06856792830c3cbda7069df6a
1,topic_year_citation_percentile,NLP topic-year percentile,Primary,ols,HC3,strict_raw_2020_2023,2020-2023,joint_count_ampere,GPU count + Ampere-or-newer/equivalent,log10_maxrow_gpu_count,Count,2194,0.5089022878132095,,0.045744665495509054,0.013260666142713312,0.0005613124511441226,,0.019754237444781282,0.07173509354623683,4.574466549550905,1.9754237444781282,7.173509354623683,percentage points per 10x,0.08596871540178985,0.09522645209382152,0.00925773669203167,0.06855455059299498,0.07713098113569794,636.5081057194275,618.1729443504037,18.335161369023808,topic_year_citation_percentile ~ C(year_venue) + C(primary_topic) + C(team_size_group) + C(n_organizations_group),topic_year_citation_percentile ~ log10_maxrow_gpu_count + ampere_or_newer + C(year_venue) + C(primary_topic) + C(team_size_group) + C(n_organizations_group),30f7e7d353bbcb3ffe0879a3c295f59ae6bbcfd06856792830c3cbda7069df6a
2,citation_normalized_percentile,OpenAlex field-normalized citation percentile,Secondary,ols,HC3,strict_raw_2020_2023,2020-2023,capacity_only,Reported max-row GPU capability,log10_max_compute,Capacity,2194,0.7745557942206016,,0.012579785697517729,0.008759786430596463,0.15097855203433144,0.15097855203433144,-0.004589080218714013,0.02974865161374947,1.257978569751773,-0.4589080218714013,2.974865161374947,percentage points per 10x,0.09109911668246062,0.09202570284453548,0.0009265861620748606,0.07378269650773062,0.07429677654024469,-574.9979899525715,-575.2358214092283,0.23783145665674965,citation_normalized_percentile ~ C(year_venue) + C(primary_topic) + C(team_size_group) + C(n_organizations_group),citation_normalized_percentile ~ log10_max_compute + C(year_venue) + C(primary_topic) + C(team_size_group) + C(n_organizations_group),30f7e7d353bbcb3ffe0879a3c295f59ae6bbcfd06856792830c3cbda7069df6a
2,citation_normalized_percentile,OpenAlex field-normalized citation percentile,Secondary,ols,HC3,strict_raw_2020_2023,2020-2023,joint_count_ampere,GPU count + Ampere-or-newer/equivalent,ampere_or_newer,Ampere-or-newer/equivalent,2194,0.7745557942206016,,0.02016674102403515,0.010512464278876768,0.05506477604937411,0.16519432814812235,-0.00043731035132714424,0.040770792399397446,2.016674102403515,-0.043731035132714424,4.077079239939745,percentage points vs older generation,0.09109911668246062,0.09438173566189056,0.003282618979429941,0.07378269650773062,0.07626937037512838,-574.9979899525715,-578.9362626427601,3.938272690188569,citation_normalized_percentile ~ C(year_venue) + C(primary_topic) + C(team_size_group) + C(n_organizations_group),citation_normalized_percentile ~ log10_maxrow_gpu_count + ampere_or_newer + C(year_venue) + C(primary_topic) + C(team_size_group) + C(n_organizations_group),30f7e7d353bbcb3ffe0879a3c295f59ae6bbcfd06856792830c3cbda7069df6a
2,citation_normalized_percentile,OpenAlex field-normalized citation percentile,Secondary,ols,HC3,strict_raw_2020_2023,2020-2023,joint_count_ampere,GPU count + Ampere-or-newer/equivalent,log10_maxrow_gpu_count,Count,2194,0.7745557942206016,,0.01959410285018142,0.010071366014355808,0.051711722530288454,0.051711722530288454,-0.0001454118130766735,0.039333617513439514,1.959410285018142,-0.01454118130766735,3.9333617513439516,percentage points per 10x,0.09109911668246062,0.09438173566189056,0.003282618979429941,0.07378269650773062,0.07626937037512838,-574.9979899525715,-578.9362626427601,3.938272690188569,citation_normalized_percentile ~ C(year_venue) + C(primary_topic) + C(team_size_group) + C(n_organizations_group),citation_normalized_percentile ~ log10_maxrow_gpu_count + ampere_or_newer + C(year_venue) + C(primary_topic) + C(team_size_group) + C(n_organizations_group),30f7e7d353bbcb3ffe0879a3c295f59ae6bbcfd06856792830c3cbda7069df6a
3,log1p_cites,Log citations,Secondary,ols,HC3,strict_raw_2020_2023,2020-2023,capacity_only,Reported max-row GPU capability,log10_max_compute,Capacity,2194,2.3537808184700504,,0.17186529925051963,0.04913678040147309,0.000469303648083303,0.001877214592333212,0.0755589793473788,0.26817161915366045,0.18751786289393357,0.07848683429193914,0.3075715250784825,percent per 10x,0.20676705175103183,0.21192430749050117,0.005157255739469346,0.1916543422351361,0.1965364975949183,6832.9720576477375,6820.6610510309465,12.311006616791019,log1p_cites ~ C(year_venue) + C(primary_topic) + C(team_size_group) + C(n_organizations_group),log1p_cites ~ log10_max_compute + C(year_venue) + C(primary_topic) + C(team_size_group) + C(n_organizations_group),30f7e7d353bbcb3ffe0879a3c295f59ae6bbcfd06856792830c3cbda7069df6a
3,log1p_cites,Log citations,Secondary,ols,HC3,strict_raw_2020_2023,2020-2023,joint_count_ampere,GPU count + Ampere-or-newer/equivalent,ampere_or_newer,Ampere-or-newer/equivalent,2194,2.3537808184700504,,0.13955834608448844,0.05515245576240807,0.01139291885723178,0.0569645942861589,0.03146151913123006,0.2476551730377468,0.14976588809869518,0.03196166405021361,0.2810181264360001,percent vs older generation,0.20676705175103183,0.21541388330216882,0.008646831551136991,0.1916543422351361,0.19972216096821216,6832.9720576477375,6812.9245115524445,20.047546095293,log1p_cites ~ C(year_venue) + C(primary_topic) + C(team_size_group) + C(n_organizations_group),log1p_cites ~ log10_maxrow_gpu_count + ampere_or_newer + C(year_venue) + C(primary_topic) + C(team_size_group) + C(n_organizations_group),30f7e7d353bbcb3ffe0879a3c295f59ae6bbcfd06856792830c3cbda7069df6a
3,log1p_cites,Log citations,Secondary,ols,HC3,strict_raw_2020_2023,2020-2023,joint_count_ampere,GPU count + Ampere-or-newer/equivalent,log10_maxrow_gpu_count,Count,2194,2.3537808184700504,,0.22062778636818814,0.05709958130233208,0.00011158520333705989,0.00044634081334823955,0.10871466348330058,0.33254090925307567,0.24685924617316868,0.11484419919307576,0.3945069462556148,percent per 10x,0.20676705175103183,0.21541388330216882,0.008646831551136991,0.1916543422351361,0.19972216096821216,6832.9720576477375,6812.9245115524445,20.047546095293,log1p_cites ~ C(year_venue) + C(primary_topic) + C(team_size_group) + C(n_organizations_group),log1p_cites ~ log10_maxrow_gpu_count + ampere_or_newer + C(year_venue) + C(primary_topic) + C(team_size_group) + C(n_organizations_group),30f7e7d353bbcb3ffe0879a3c295f59ae6bbcfd06856792830c3cbda7069df6a
4,cited_by_count,PPML citations,Secondary,poisson,HC0,strict_raw_2020_2023,2020-2023,capacity_only,Reported max-row GPU capability,log10_max_compute,Capacity,2194,24.30401093892434,,0.47746124486398567,0.0851569569546863,2.0605660269228208e-08,1.0302830134614104e-07,0.31055667619977284,0.6443658135281984,0.6119767886237464,0.36418431173740107,0.9047786612883431,percent per 10x,,,,,,84407.16769407174,80413.35023284705,3993.817461224695,cited_by_count ~ C(year_venue) + C(primary_topic) + C(team_size_group) + C(n_organizations_group),cited_by_count ~ log10_max_compute + C(year_venue) + C(primary_topic) + C(team_size_group) + C(n_organizations_group),30f7e7d353bbcb3ffe0879a3c295f59ae6bbcfd06856792830c3cbda7069df6a
4,cited_by_count,PPML citations,Secondary,poisson,HC0,strict_raw_2020_2023,2020-2023,joint_count_ampere,GPU count + Ampere-or-newer/equivalent,ampere_or_newer,Ampere-or-newer/equivalent,2194,24.30401093892434,,0.2698709347757341,0.13205848031974504,0.04099590612568557,0.1639836245027423,0.011041069495942302,0.5287008000555259,0.30979539078774776,0.011102247051648861,0.6967264890681175,percent vs older generation,,,,,,84407.16769407174,79719.27922497147,4687.888469100275,cited_by_count ~ C(year_venue) + C(primary_topic) + C(team_size_group) + C(n_organizations_group),cited_by_count ~ log10_maxrow_gpu_count + ampere_or_newer + C(year_venue) + C(primary_topic) + C(team_size_group) + C(n_organizations_group),30f7e7d353bbcb3ffe0879a3c295f59ae6bbcfd06856792830c3cbda7069df6a
4,cited_by_count,PPML citations,Secondary,poisson,HC0,strict_raw_2020_2023,2020-2023,joint_count_ampere,GPU count + Ampere-or-newer/equivalent,log10_maxrow_gpu_count,Count,2194,24.30401093892434,,0.5264228818774487,0.08448618653491932,4.638366025036965e-10,2.3191830125184823e-09,0.3608329990778739,0.6920127646770234,0.6928658836963828,0.4345238740637227,0.9977324546470634,percent per 10x,,,,,,84407.16769407174,79719.27922497147,4687.888469100275,cited_by_count ~ C(year_venue) + C(primary_topic) + C(team_size_group) + C(n_organizations_group),cited_by_count ~ log10_maxrow_gpu_count + ampere_or_newer + C(year_venue) + C(primary_topic) + C(team_size_group) + C(n_organizations_group),30f7e7d353bbcb3ffe0879a3c295f59ae6bbcfd06856792830c3cbda7069df6a
5,is_highly_cited_all_yv,Year-by-venue top-decile cited,Secondary,lpm,HC3,strict_raw_2020_2023,2020-2023,capacity_only,Reported max-row GPU capability,log10_max_compute,Capacity,2194,0.10847766636280766,238.0,0.038363140854829114,0.013752233771400025,0.005277426859714657,0.015832280579143973,0.011409257955909628,0.0653170237537486,3.836314085482911,1.1409257955909629,6.531702375374859,percentage points per 10x,0.040813124570508674,0.04506379953004325,0.004250674959534573,0.02253865343082051,0.026417904402317505,1093.6172600833188,1085.872854084625,7.744405998693765,is_highly_cited_all_yv ~ C(year_venue) + C(primary_topic) + C(team_size_group) + C(n_organizations_group),is_highly_cited_all_yv ~ log10_max_compute + C(year_venue) + C(primary_topic) + C(team_size_group) + C(n_organizations_group),30f7e7d353bbcb3ffe0879a3c295f59ae6bbcfd06856792830c3cbda7069df6a
5,is_highly_cited_all_yv,Year-by-venue top-decile cited,Secondary,lpm,HC3,strict_raw_2020_2023,2020-2023,joint_count_ampere,GPU count + Ampere-or-newer/equivalent,ampere_or_newer,Ampere-or-newer/equivalent,2194,0.10847766636280766,238.0,0.021735856930367205,0.015033980981008933,0.14823839662427116,0.2964767932485423,-0.007730204336670453,0.05120191819740486,2.1735856930367206,-0.7730204336670453,5.120191819740486,percentage points vs older generation,0.040813124570508674,0.04594070565353947,0.005127581083030797,0.02253865343082051,0.026859519766610274,1093.6172600833188,1085.8572053568041,7.7600547265146815,is_highly_cited_all_yv ~ C(year_venue) + C(primary_topic) + C(team_size_group) + C(n_organizations_group),is_highly_cited_all_yv ~ log10_maxrow_gpu_count + ampere_or_newer + C(year_venue) + C(primary_topic) + C(team_size_group) + C(n_organizations_group),30f7e7d353bbcb3ffe0879a3c295f59ae6bbcfd06856792830c3cbda7069df6a
5,is_highly_cited_all_yv,Year-by-venue top-decile cited,Secondary,lpm,HC3,strict_raw_2020_2023,2020-2023,joint_count_ampere,GPU count + Ampere-or-newer/equivalent,log10_maxrow_gpu_count,Count,2194,0.10847766636280766,238.0,0.04414640057760542,0.016188271600846627,0.0063901267292671505,0.019170380187801452,0.01241797126799346,0.07587482988721737,4.414640057760542,1.2417971267993462,7.587482988721737,percentage points per 10x,0.040813124570508674,0.04594070565353947,0.005127581083030797,0.02253865343082051,0.026859519766610274,1093.6172600833188,1085.8572053568041,7.7600547265146815,is_highly_cited_all_yv ~ C(year_venue) + C(primary_topic) + C(team_size_group) + C(n_organizations_group),is_highly_cited_all_yv ~ log10_maxrow_gpu_count + ampere_or_newer + C(year_venue) + C(primary_topic) + C(team_size_group) + C(n_organizations_group),30f7e7d353bbcb3ffe0879a3c295f59ae6bbcfd06856792830c3cbda7069df6a
6,is_award,Award,Secondary,lpm,HC3,strict_raw_2020_2025,2020-2025,capacity_only,Reported max-row GPU capability,log10_max_compute,Capacity,5357,0.02072055254806795,111.0,0.008588479333835029,0.004491651344078501,0.05586357446146229,0.11172714892292458,-0.00021499553166975938,0.017391954199339817,0.8588479333835028,-0.021499553166975938,1.7391954199339816,percentage points per 10x,0.029716625452502865,0.030803716250317525,0.0010870907978146604,0.02112681219129875,0.022039318808722785,-5742.366493862,-5746.371760263051,4.005266401050903,is_award ~ C(year_venue) + C(primary_topic) + C(team_size_group) + C(n_organizations_group),is_award ~ log10_max_compute + C(year_venue) + C(primary_topic) + C(team_size_group) + C(n_organizations_group),a5ac66da0806a08feeb05d5ad6769fc30d6eb330fa6ff450f3e70b07ecb62652
6,is_award,Award,Secondary,lpm,HC3,strict_raw_2020_2025,2020-2025,joint_count_ampere,GPU count + Ampere-or-newer/equivalent,ampere_or_newer,Ampere-or-newer/equivalent,5357,0.02072055254806795,111.0,-0.002461205816013719,0.005349201072163039,0.6454392912853046,0.6454392912853046,-0.012945447263516319,0.00802303563148888,-0.2461205816013719,-1.2945447263516319,0.802303563148888,percentage points vs older generation,0.029716625452502865,0.03155583433889242,0.001839208886389554,0.02112681219129875,0.02261410377220796,-5742.366493862,-5748.530526461467,6.164032599466736,is_award ~ C(year_venue) + C(primary_topic) + C(team_size_group) + C(n_organizations_group),is_award ~ log10_maxrow_gpu_count + ampere_or_newer + C(year_venue) + C(primary_topic) + C(team_size_group) + C(n_organizations_group),a5ac66da0806a08feeb05d5ad6769fc30d6eb330fa6ff450f3e70b07ecb62652
6,is_award,Award,Secondary,lpm,HC3,strict_raw_2020_2025,2020-2025,joint_count_ampere,GPU count + Ampere-or-newer/equivalent,log10_maxrow_gpu_count,Count,5357,0.02072055254806795,111.0,0.01332727106794779,0.005573228098692473,0.016788740317756675,0.03357748063551335,0.002403944716883901,0.024250597419011678,1.332727106794779,0.24039447168839012,2.4250597419011677,percentage points per 10x,0.029716625452502865,0.03155583433889242,0.001839208886389554,0.02112681219129875,0.02261410377220796,-5742.366493862,-5748.530526461467,6.164032599466736,is_award ~ C(year_venue) + C(primary_topic) + C(team_size_group) + C(n_organizations_group),is_award ~ log10_maxrow_gpu_count + ampere_or_newer + C(year_venue) + C(primary_topic) + C(team_size_group) + C(n_organizations_group),a5ac66da0806a08feeb05d5ad6769fc30d6eb330fa6ff450f3e70b07ecb62652
