sample_id,venue_year,venue,year,paper_id,consumption_signal_visible
GPUVIS-001,acl2020,ACL,2020,2020.acl-main.133,0
GPUVIS-002,acl2020,ACL,2020,2020.acl-main.171,1
GPUVIS-003,acl2020,ACL,2020,2020.acl-main.207,1
GPUVIS-004,acl2020,ACL,2020,2020.acl-main.24,1
GPUVIS-005,acl2020,ACL,2020,2020.acl-main.241,1
GPUVIS-006,acl2020,ACL,2020,2020.acl-main.277,0
GPUVIS-007,acl2020,ACL,2020,2020.acl-main.301,0
GPUVIS-008,acl2020,ACL,2020,2020.acl-main.38,0
GPUVIS-009,acl2020,ACL,2020,2020.acl-main.398,1
GPUVIS-010,acl2020,ACL,2020,2020.acl-main.410,0
GPUVIS-011,acl2020,ACL,2020,2020.acl-main.460,1
GPUVIS-012,acl2020,ACL,2020,2020.acl-main.536,1
GPUVIS-013,acl2020,ACL,2020,2020.acl-main.599,1
GPUVIS-014,acl2020,ACL,2020,2020.acl-main.686,0
GPUVIS-015,acl2020,ACL,2020,2020.acl-main.720,0
GPUVIS-016,acl2021,acl,2021,2021.acl-long.120,0
GPUVIS-017,acl2021,acl,2021,2021.acl-long.14,0
GPUVIS-018,acl2021,acl,2021,2021.acl-long.190,0
GPUVIS-019,acl2021,acl,2021,2021.acl-long.215,0
GPUVIS-020,acl2021,acl,2021,2021.acl-long.231,0
GPUVIS-021,acl2021,acl,2021,2021.acl-long.282,0
GPUVIS-022,acl2021,acl,2021,2021.acl-long.296,0
GPUVIS-023,acl2021,acl,2021,2021.acl-long.356,0
GPUVIS-024,acl2021,acl,2021,2021.acl-long.379,1
GPUVIS-025,acl2021,acl,2021,2021.acl-long.437,0
GPUVIS-026,acl2021,acl,2021,2021.acl-long.462,0
GPUVIS-027,acl2021,acl,2021,2021.acl-long.478,0
GPUVIS-028,acl2021,acl,2021,2021.acl-long.486,0
GPUVIS-029,acl2021,acl,2021,2021.acl-long.497,0
GPUVIS-030,acl2021,acl,2021,2021.acl-long.504,1
GPUVIS-031,acl2022,ACL,2022,2022.acl-long.105,1
GPUVIS-032,acl2022,ACL,2022,2022.acl-long.106,1
GPUVIS-033,acl2022,ACL,2022,2022.acl-long.123,1
GPUVIS-034,acl2022,ACL,2022,2022.acl-long.193,0
GPUVIS-035,acl2022,ACL,2022,2022.acl-long.202,0
GPUVIS-036,acl2022,ACL,2022,2022.acl-long.225,1
GPUVIS-037,acl2022,ACL,2022,2022.acl-long.315,0
GPUVIS-038,acl2022,ACL,2022,2022.acl-long.330,0
GPUVIS-039,acl2022,ACL,2022,2022.acl-long.412,0
GPUVIS-040,acl2022,ACL,2022,2022.acl-long.477,0
GPUVIS-041,acl2022,ACL,2022,2022.acl-long.497,0
GPUVIS-042,acl2022,ACL,2022,2022.acl-long.511,1
GPUVIS-043,acl2022,ACL,2022,2022.acl-long.537,1
GPUVIS-044,acl2022,ACL,2022,2022.acl-long.564,0
GPUVIS-045,acl2022,ACL,2022,2022.acl-long.588,0
GPUVIS-046,acl2023,ACL,2023,2023.acl-long.127,0
GPUVIS-047,acl2023,ACL,2023,2023.acl-long.170,0
GPUVIS-048,acl2023,ACL,2023,2023.acl-long.181,0
GPUVIS-049,acl2023,ACL,2023,2023.acl-long.217,1
GPUVIS-050,acl2023,ACL,2023,2023.acl-long.251,0
GPUVIS-051,acl2023,ACL,2023,2023.acl-long.378,0
GPUVIS-052,acl2023,ACL,2023,2023.acl-long.434,0
GPUVIS-053,acl2023,ACL,2023,2023.acl-long.447,1
GPUVIS-054,acl2023,ACL,2023,2023.acl-long.553,0
GPUVIS-055,acl2023,ACL,2023,2023.acl-long.577,1
GPUVIS-056,acl2023,ACL,2023,2023.acl-long.639,1
GPUVIS-057,acl2023,ACL,2023,2023.acl-long.686,0
GPUVIS-058,acl2023,ACL,2023,2023.acl-long.739,0
GPUVIS-059,acl2023,ACL,2023,2023.acl-long.779,0
GPUVIS-060,acl2023,ACL,2023,2023.acl-long.781,0
GPUVIS-061,acl2024,ACL,2024,2024.acl-long.1,0
GPUVIS-062,acl2024,ACL,2024,2024.acl-long.125,1
GPUVIS-063,acl2024,ACL,2024,2024.acl-long.174,1
GPUVIS-064,acl2024,ACL,2024,2024.acl-long.180,0
GPUVIS-065,acl2024,ACL,2024,2024.acl-long.256,1
GPUVIS-066,acl2024,ACL,2024,2024.acl-long.316,0
GPUVIS-067,acl2024,ACL,2024,2024.acl-long.325,0
GPUVIS-068,acl2024,ACL,2024,2024.acl-long.490,0
GPUVIS-069,acl2024,ACL,2024,2024.acl-long.521,0
GPUVIS-070,acl2024,ACL,2024,2024.acl-long.718,0
GPUVIS-071,acl2024,ACL,2024,2024.acl-long.731,0
GPUVIS-072,acl2024,ACL,2024,2024.acl-long.791,1
GPUVIS-073,acl2024,ACL,2024,2024.acl-long.814,1
GPUVIS-074,acl2024,ACL,2024,2024.acl-long.851,1
GPUVIS-075,acl2024,ACL,2024,2024.acl-long.86,0
GPUVIS-076,acl2025,ACL,2025,2025.acl-long.1003,1
GPUVIS-077,acl2025,ACL,2025,2025.acl-long.1008,0
GPUVIS-078,acl2025,ACL,2025,2025.acl-long.101,0
GPUVIS-079,acl2025,ACL,2025,2025.acl-long.1220,1
GPUVIS-080,acl2025,ACL,2025,2025.acl-long.1263,1
GPUVIS-081,acl2025,ACL,2025,2025.acl-long.1280,0
GPUVIS-082,acl2025,ACL,2025,2025.acl-long.1314,0
GPUVIS-083,acl2025,ACL,2025,2025.acl-long.1506,0
GPUVIS-084,acl2025,ACL,2025,2025.acl-long.1530,0
GPUVIS-085,acl2025,ACL,2025,2025.acl-long.1581,0
GPUVIS-086,acl2025,ACL,2025,2025.acl-long.517,0
GPUVIS-087,acl2025,ACL,2025,2025.acl-long.558,1
GPUVIS-088,acl2025,ACL,2025,2025.acl-long.827,0
GPUVIS-089,acl2025,ACL,2025,2025.acl-long.84,0
GPUVIS-090,acl2025,ACL,2025,2025.acl-long.990,0
GPUVIS-091,emnlp2020,EMNLP,2020,2020.emnlp-main.110,0
GPUVIS-092,emnlp2020,EMNLP,2020,2020.emnlp-main.130,0
GPUVIS-093,emnlp2020,EMNLP,2020,2020.emnlp-main.175,0
GPUVIS-094,emnlp2020,EMNLP,2020,2020.emnlp-main.265,1
GPUVIS-095,emnlp2020,EMNLP,2020,2020.emnlp-main.271,0
GPUVIS-096,emnlp2020,EMNLP,2020,2020.emnlp-main.297,1
GPUVIS-097,emnlp2020,EMNLP,2020,2020.emnlp-main.337,0
GPUVIS-098,emnlp2020,EMNLP,2020,2020.emnlp-main.353,0
GPUVIS-099,emnlp2020,EMNLP,2020,2020.emnlp-main.358,1
GPUVIS-100,emnlp2020,EMNLP,2020,2020.emnlp-main.364,0
GPUVIS-101,emnlp2020,EMNLP,2020,2020.emnlp-main.366,0
GPUVIS-102,emnlp2020,EMNLP,2020,2020.emnlp-main.646,1
GPUVIS-103,emnlp2020,EMNLP,2020,2020.emnlp-main.692,1
GPUVIS-104,emnlp2020,EMNLP,2020,2020.emnlp-main.694,1
GPUVIS-105,emnlp2020,EMNLP,2020,2020.emnlp-main.744,1
GPUVIS-106,emnlp2021,EMNLP,2021,2021.emnlp-main.144,1
GPUVIS-107,emnlp2021,EMNLP,2021,2021.emnlp-main.242,0
GPUVIS-108,emnlp2021,EMNLP,2021,2021.emnlp-main.247,0
GPUVIS-109,emnlp2021,EMNLP,2021,2021.emnlp-main.297,0
GPUVIS-110,emnlp2021,EMNLP,2021,2021.emnlp-main.300,0
GPUVIS-111,emnlp2021,EMNLP,2021,2021.emnlp-main.331,0
GPUVIS-112,emnlp2021,EMNLP,2021,2021.emnlp-main.341,1
GPUVIS-113,emnlp2021,EMNLP,2021,2021.emnlp-main.4,0
GPUVIS-114,emnlp2021,EMNLP,2021,2021.emnlp-main.524,0
GPUVIS-115,emnlp2021,EMNLP,2021,2021.emnlp-main.54,0
GPUVIS-116,emnlp2021,EMNLP,2021,2021.emnlp-main.540,1
GPUVIS-117,emnlp2021,EMNLP,2021,2021.emnlp-main.557,0
GPUVIS-118,emnlp2021,EMNLP,2021,2021.emnlp-main.831,1
GPUVIS-119,emnlp2021,EMNLP,2021,2021.emnlp-main.843,0
GPUVIS-120,emnlp2021,EMNLP,2021,2021.emnlp-main.9,1
GPUVIS-121,emnlp2022,EMNLP,2022,2022.emnlp-main.195,1
GPUVIS-122,emnlp2022,EMNLP,2022,2022.emnlp-main.211,1
GPUVIS-123,emnlp2022,EMNLP,2022,2022.emnlp-main.229,0
GPUVIS-124,emnlp2022,EMNLP,2022,2022.emnlp-main.24,0
GPUVIS-125,emnlp2022,EMNLP,2022,2022.emnlp-main.291,1
GPUVIS-126,emnlp2022,EMNLP,2022,2022.emnlp-main.294,0
GPUVIS-127,emnlp2022,EMNLP,2022,2022.emnlp-main.296,0
GPUVIS-128,emnlp2022,EMNLP,2022,2022.emnlp-main.378,0
GPUVIS-129,emnlp2022,EMNLP,2022,2022.emnlp-main.477,0
GPUVIS-130,emnlp2022,EMNLP,2022,2022.emnlp-main.497,1
GPUVIS-131,emnlp2022,EMNLP,2022,2022.emnlp-main.558,1
GPUVIS-132,emnlp2022,EMNLP,2022,2022.emnlp-main.571,1
GPUVIS-133,emnlp2022,EMNLP,2022,2022.emnlp-main.609,0
GPUVIS-134,emnlp2022,EMNLP,2022,2022.emnlp-main.67,1
GPUVIS-135,emnlp2022,EMNLP,2022,2022.emnlp-main.800,1
GPUVIS-136,emnlp2023,EMNLP,2023,2023.emnlp-main.110,1
GPUVIS-137,emnlp2023,EMNLP,2023,2023.emnlp-main.27,1
GPUVIS-138,emnlp2023,EMNLP,2023,2023.emnlp-main.317,0
GPUVIS-139,emnlp2023,EMNLP,2023,2023.emnlp-main.330,0
GPUVIS-140,emnlp2023,EMNLP,2023,2023.emnlp-main.355,0
GPUVIS-141,emnlp2023,EMNLP,2023,2023.emnlp-main.415,1
GPUVIS-142,emnlp2023,EMNLP,2023,2023.emnlp-main.431,0
GPUVIS-143,emnlp2023,EMNLP,2023,2023.emnlp-main.456,0
GPUVIS-144,emnlp2023,EMNLP,2023,2023.emnlp-main.503,0
GPUVIS-145,emnlp2023,EMNLP,2023,2023.emnlp-main.691,1
GPUVIS-146,emnlp2023,EMNLP,2023,2023.emnlp-main.694,0
GPUVIS-147,emnlp2023,EMNLP,2023,2023.emnlp-main.800,0
GPUVIS-148,emnlp2023,EMNLP,2023,2023.emnlp-main.932,0
GPUVIS-149,emnlp2023,EMNLP,2023,2023.emnlp-main.954,1
GPUVIS-150,emnlp2023,EMNLP,2023,2023.emnlp-main.961,0
GPUVIS-151,emnlp2024,EMNLP,2024,2024.emnlp-main.1023,0
GPUVIS-152,emnlp2024,emnlp,2024,2024.emnlp-main.1137,0
GPUVIS-153,emnlp2024,EMNLP,2024,2024.emnlp-main.1208,0
GPUVIS-154,emnlp2024,EMNLP,2024,2024.emnlp-main.1264,1
GPUVIS-155,emnlp2024,EMNLP,2024,2024.emnlp-main.129,0
GPUVIS-156,emnlp2024,EMNLP,2024,2024.emnlp-main.318,0
GPUVIS-157,emnlp2024,EMNLP,2024,2024.emnlp-main.493,0
GPUVIS-158,emnlp2024,EMNLP,2024,2024.emnlp-main.561,0
GPUVIS-159,emnlp2024,EMNLP,2024,2024.emnlp-main.568,0
GPUVIS-160,emnlp2024,EMNLP,2024,2024.emnlp-main.581,1
GPUVIS-161,emnlp2024,EMNLP,2024,2024.emnlp-main.588,1
GPUVIS-162,emnlp2024,EMNLP,2024,2024.emnlp-main.619,0
GPUVIS-163,emnlp2024,EMNLP,2024,2024.emnlp-main.735,0
GPUVIS-164,emnlp2024,EMNLP,2024,2024.emnlp-main.743,0
GPUVIS-165,emnlp2024,EMNLP,2024,2024.emnlp-main.961,0
GPUVIS-166,emnlp2025,EMNLP,2025,2025.emnlp-main.1109,0
GPUVIS-167,emnlp2025,EMNLP,2025,2025.emnlp-main.1111,0
GPUVIS-168,emnlp2025,EMNLP,2025,2025.emnlp-main.1292,0
GPUVIS-169,emnlp2025,EMNLP,2025,2025.emnlp-main.1437,0
GPUVIS-170,emnlp2025,EMNLP,2025,2025.emnlp-main.1446,1
GPUVIS-171,emnlp2025,EMNLP,2025,2025.emnlp-main.162,0
GPUVIS-172,emnlp2025,EMNLP,2025,2025.emnlp-main.1643,1
GPUVIS-173,emnlp2025,EMNLP,2025,2025.emnlp-main.1651,0
GPUVIS-174,emnlp2025,EMNLP,2025,2025.emnlp-main.1664,1
GPUVIS-175,emnlp2025,EMNLP,2025,2025.emnlp-main.169,1
GPUVIS-176,emnlp2025,EMNLP,2025,2025.emnlp-main.1735,0
GPUVIS-177,emnlp2025,EMNLP,2025,2025.emnlp-main.328,0
GPUVIS-178,emnlp2025,EMNLP,2025,2025.emnlp-main.841,0
GPUVIS-179,emnlp2025,EMNLP,2025,2025.emnlp-main.858,0
GPUVIS-180,emnlp2025,EMNLP,2025,2025.emnlp-main.863,0
GPUVIS-181,naacl2021,NAACL,2021,2021.naacl-main.103,1
GPUVIS-182,naacl2021,NAACL,2021,2021.naacl-main.129,1
GPUVIS-183,naacl2021,NAACL,2021,2021.naacl-main.130,1
GPUVIS-184,naacl2021,NAACL,2021,2021.naacl-main.136,0
GPUVIS-185,naacl2021,NAACL,2021,2021.naacl-main.254,1
GPUVIS-186,naacl2021,NAACL,2021,2021.naacl-main.285,0
GPUVIS-187,naacl2021,NAACL,2021,2021.naacl-main.312,1
GPUVIS-188,naacl2021,NAACL,2021,2021.naacl-main.343,0
GPUVIS-189,naacl2021,NAACL,2021,2021.naacl-main.390,1
GPUVIS-190,naacl2021,NAACL,2021,2021.naacl-main.407,1
GPUVIS-191,naacl2021,NAACL,2021,2021.naacl-main.415,1
GPUVIS-192,naacl2021,NAACL,2021,2021.naacl-main.420,1
GPUVIS-193,naacl2021,NAACL,2021,2021.naacl-main.454,0
GPUVIS-194,naacl2021,NAACL,2021,2021.naacl-main.463,0
GPUVIS-195,naacl2021,NAACL,2021,2021.naacl-main.67,1
GPUVIS-196,naacl2022,NAACL,2022,2022.naacl-main.15,0
GPUVIS-197,naacl2022,NAACL,2022,2022.naacl-main.159,0
GPUVIS-198,naacl2022,NAACL,2022,2022.naacl-main.172,0
GPUVIS-199,naacl2022,NAACL,2022,2022.naacl-main.179,1
GPUVIS-200,naacl2022,NAACL,2022,2022.naacl-main.193,1
GPUVIS-201,naacl2022,NAACL,2022,2022.naacl-main.234,1
GPUVIS-202,naacl2022,NAACL,2022,2022.naacl-main.272,1
GPUVIS-203,naacl2022,NAACL,2022,2022.naacl-main.275,1
GPUVIS-204,naacl2022,NAACL,2022,2022.naacl-main.314,1
GPUVIS-205,naacl2022,NAACL,2022,2022.naacl-main.328,0
GPUVIS-206,naacl2022,NAACL,2022,2022.naacl-main.352,1
GPUVIS-207,naacl2022,NAACL,2022,2022.naacl-main.44,0
GPUVIS-208,naacl2022,NAACL,2022,2022.naacl-main.441,0
GPUVIS-209,naacl2022,NAACL,2022,2022.naacl-main.66,0
GPUVIS-210,naacl2022,NAACL,2022,2022.naacl-main.80,1
GPUVIS-211,naacl2024,NAACL,2024,2024.naacl-long.239,1
GPUVIS-212,naacl2024,NAACL,2024,2024.naacl-long.256,0
GPUVIS-213,naacl2024,NAACL,2024,2024.naacl-long.270,1
GPUVIS-214,naacl2024,NAACL,2024,2024.naacl-long.281,0
GPUVIS-215,naacl2024,NAACL,2024,2024.naacl-long.336,0
GPUVIS-216,naacl2024,NAACL,2024,2024.naacl-long.354,1
GPUVIS-217,naacl2024,NAACL,2024,2024.naacl-long.373,0
GPUVIS-218,naacl2024,NAACL,2024,2024.naacl-long.378,1
GPUVIS-219,naacl2024,NAACL,2024,2024.naacl-long.384,1
GPUVIS-220,naacl2024,NAACL,2024,2024.naacl-long.393,1
GPUVIS-221,naacl2024,NAACL,2024,2024.naacl-long.406,0
GPUVIS-222,naacl2024,NAACL,2024,2024.naacl-long.412,1
GPUVIS-223,naacl2024,NAACL,2024,2024.naacl-long.416,1
GPUVIS-224,naacl2024,NAACL,2024,2024.naacl-long.459,1
GPUVIS-225,naacl2024,NAACL,2024,2024.naacl-long.467,0
GPUVIS-226,naacl2025,NAACL,2025,2025.naacl-long.199,1
GPUVIS-227,naacl2025,NAACL,2025,2025.naacl-long.211,0
GPUVIS-228,naacl2025,NAACL,2025,2025.naacl-long.263,0
GPUVIS-229,naacl2025,NAACL,2025,2025.naacl-long.277,0
GPUVIS-230,naacl2025,NAACL,2025,2025.naacl-long.305,1
GPUVIS-231,naacl2025,naacl,2025,2025.naacl-long.363,0
GPUVIS-232,naacl2025,NAACL,2025,2025.naacl-long.412,0
GPUVIS-233,naacl2025,NAACL,2025,2025.naacl-long.431,0
GPUVIS-234,naacl2025,NAACL,2025,2025.naacl-long.448,0
GPUVIS-235,naacl2025,NAACL,2025,2025.naacl-long.465,0
GPUVIS-236,naacl2025,NAACL,2025,2025.naacl-long.488,0
GPUVIS-237,naacl2025,NAACL,2025,2025.naacl-long.531,0
GPUVIS-238,naacl2025,NAACL,2025,2025.naacl-long.541,0
GPUVIS-239,naacl2025,NAACL,2025,2025.naacl-long.553,0
GPUVIS-240,naacl2025,NAACL,2025,2025.naacl-long.616,1
